feature,importance
IMC,0.8316428869817012
risco_social,0.11563875305451263
score_comport,0.028503254462922303
score_sedent,0.024215105500863823
